Id,Label,event
11725128,Rose_McIver,24
42594888,The_Children_(Game_of_Thrones),10
1564200,Attempted_assassination_of_Ronald_Reagan,18
5845080,T._J._Oshie,7
5275584,Antonio_Valencia,0
1584240,Bob_Gunton,15
5818440,Sung_Kang,24
16849464,Connecticut_Huskies_women\'s_basketball,21
43794552,Connor_Michalek,12
87576,Mary-Kate_and_Ashley_Olsen,23
1008,April_6,17
938712,Mark_Hughes,0
180984,Martha_Scott,6
440040,Marián_Hossa,7
1575672,Dallas_Austin,24
1416,April_29,30
752544,Civil_Aeronautics_Board,16
1734336,World_Health_Day,17
4295976,Gabriel_Agbonlahor,0
5470704,Dave_Bliss,14
3963024,Political_positions_of_Hillary_Rodham_Clinton,32
42484344,List_of_R5_members,29
298608,State_of_emergency,30
316728,Nicodemus,6
30939720,2014_NHL_Entry_Draft,7
2204976,Vincent_Kartheiser,24
23466744,Haymarket_affair,26
582864,Plagues_of_Egypt,6
2210424,Renée_Richards,22
28897488,WWE_Tag_Team_Championship,12
592392,Phil_Mickelson,27
709344,Black_Widow_(Natalia_Romanova),25
25028568,Quinton_Aaron,15
22316712,List_of_The_Fast_and_the_Furious_characters,24
1938336,Louis_C.K.,10
617904,Mary_Surratt,20
715008,Football_League_Championship,0
212472,Alex_Rodriguez,1
494328,Sibel_Kekilli,10
140376,Armenian_Genocide,34
1477632,Kenny_Smith,14
15624,Judaism,6
265800,Scientology_controversies,26
228240,Paula_Radcliffe,11
46218888,Istanbul_Armenian_Genocide_memorial,20
19149336,DeMar_DeRozan,3
412200,Julius_Erving,14
26976,Silicon_Valley,10
42474192,2014–15_Football_League_Championship,0
2772312,Marley_Shelton,1
361176,Bernie_Sanders,26
33793032,Didi_Gregorius,1
5354328,Petals_on_the_Wind,24
5354400,If_There_Be_Thorns,24
437544,Bob_Saget,23
454272,List_of_WWE_pay-per-view_events,12
1591560,Darko_Miličić,3
30876264,Suzanne_Somers,29
2387472,Leandro_Barbosa,13
13679016,James_Vanderbilt,8
51888,Indiana_Jones_and_the_Last_Crusade,11
224616,PGA_Championship,27
1562112,NCAA_Basketball_Tournament_Most_Outstanding_Player,14
2805792,List_of_Grey\'s_Anatomy_episodes,25
367128,Peter_Lawford,4
10166400,Jason_Beghe,5
44768472,Broken_Horses,15
387816,Armenians,20
153672,Robert_Powell,6
31752,Ulysses_S._Grant,20
50784,Princess_Leia,19
19156272,Labor_Day,26
381312,John_Carradine,6
874128,Tina_Sinatra,4
2237856,Shonda_Rhimes,25
1468224,Ryan_Kesler,7
985560,WWE_United_States_Championship,12
1084104,MTS_Centre,7
83496,Use_of_capital_punishment_by_country,30
22301616,Easter_customs,6
488496,Jesus_of_Nazareth_(miniseries),6
19562448,Christian_Benteke,0
666456,Stamford_Bridge_(stadium),0
31876081,Winnipeg_Jets,7
18928057,List_of_Mad_Men_characters,24
22705,Ottawa_Senators,7
224737,Sherpa_people,22
12466945,Josh_Gad,10
3539881,Michael_Czugaj,28
19849,March_30,2
148681,Life_imprisonment,8
2861737,George_Getty,5
36618625,AJ_Lee,12
2655673,Vimy_Ridge_Day,20
4701529,Dathan,6
38162137,Going_Clear,5
863257,Deadshot,31
2296561,Selena_y_Los_Dinos,2
21265,Northern_Ireland,29
159625,Richard_Dreyfuss,33
12821809,Patty_Mills,3
22537873,1990–91_UNLV_Runnin\'_Rebels_basketball_team,14
2017,Arbor_Day,9
47497,Doctor_Doom,15
1410865,Cersei_Lannister,10
4406593,Fraser_Clarke_Heston,6
5425633,Bianca_Kajlich,24
10110097,Maisie_Williams,10
16321,Joseph_McCarthy,10
73321,Avalanche,22
187081,Anne_Baxter,6
43117009,2015_Masters_Tournament,27
507433,Iker_Casillas,9
21780481,James_Rodríguez,9
1916929,Barbara_Sinatra,4
73513,Mary_(mother_of_Jesus),6
15505,Iceman_(comics),15
362233,Magneto_(comics),15
27871561,2012_NBA_draft,13
29308417,1955_MacArthur_Airport_United_Airlines_crash,16
72889,San_Antonio_Spurs,3
355129,New_Coke,11
2655697,Dell_Curry,13
2540809,Dolph_Ziggler,12
21987337,Evan_Turner,3
5530417,Can\'t_Take_My_Eyes_Off_You,8
7729,Captain_America,25
33142873,Sophie_Turner_(actress),10
45030241,UFC_Fight_Night:_Mendes_vs._Lamas,14
35940793,List_of_people_who_died_climbing_Mount_Everest,22
21881809,Kylie_Jenner,18
42656761,2014–15_UEFA_Youth_League,20
32267545,Thor:_The_Dark_World,25
2876569,The_Punisher_(2004_film),15
19583257,Lagertha,33
29833,Americas,9
38147281,Marcus_Smart,3
442201,Ben_Urich,15
146929,George_Pickett,16
22333849,Robert_Herjavec,29
31151665,Notre_Dame_Fighting_Irish_women\'s_basketball,21
1033897,Death_of_Adolf_Hitler,26
366457,Chris_Pérez,2
4480033,List_of_the_NCAA_Men\'s_Division_I_Basketball_Tournament_Final_Four_participants,14
58009,Good_Friday,9
1177,Aleister_Crowley,5
7847641,Meryl_Davis,29
2864185,Jersey_Boys,8
7954681,Montreal,20
3883945,O._J._Simpson_murder_case,18
156385,Ira_Einhorn,11
12541729,Amy_Schumer,15
73129,Edmonton_Oilers,7
1009,April_12,20
34453297,Missing_My_Baby,2
11340577,Lexie_Grey,25
21308617,Tuti_Yusupova,16
316201,Jon_Favreau,25
1321609,Vaisakhi,20
5616697,Jonathan_Toews,7
1918585,Cheryl_Miller,14
3195049,Gal_Gadot,24
40781809,Extreme_Rules_(2014),12
35553313,Being_Mary_Jane,24
66937,Cisgender,22
2798281,Mychal_Thompson,13
19460809,Ryback,12
44541745,Nigel_Hayes,14
40054105,Jersey_Boys_(film),8
501385,Ruby_Ridge,11
4537,Burt_Lancaster,4
1777,April_2,16
27888241,Hop_(film),6
2006761,Edwin_Jarvis,25
936145,Getty_Oil,5
262465,Mad_Max_2,34
305473,Allen_Iverson,3
2029825,X-Men:_The_Last_Stand,15
26288569,Thor_(Marvel_Comics),25
21755090,Ricardo_Lamas,14
37963346,Yellowjacket_(Marvel_Comics),15
7515890,Kuwait,28
41374178,Arya_Stark,10
26999426,Captain_America:_The_First_Avenger,25
896498,Esther_Williams,4
23536538,University_of_Wisconsin–Madison,14
24890714,Ander_Herrera,0
1849946,Hack-a-Shaq,3
1826,April_18,11
22269698,Timofey_Mozgov,3
10106,Earthquake,22
1922546,Ghost_Whisperer,5
1700594,Andrea_Pirlo,9
31763402,Chris_Ramsey_(footballer),0
45276122,Charlotte_McKinney,29
30873530,List_of_men\'s_major_championships_winning_golfers,27
41068562,Sam_Dekker,14
12669578,Southpaw_stance,28
5476946,The_Incredible_Hulk_(film),31
100730,Winnipeg,7
764810,Waco_siege,11
428858,Frances_Bean_Cobain,17
536018,NCAA_Women\'s_Division_I_Basketball_Championship,21
3746,Blade_Runner,19
82394,Julio_César_Chávez,28
800594,Ricardo_Quaresma,9
3458,Belize,8
363002,Sandra_Oh,25
4701602,Bithiah,6
10535354,Dancing_with_the_Stars_(U.S._season_1),29
44165090,Claire_Temple,15
421034,Mike_Krzyzewski,14
46634,Xenu,5
173834,Edward_G._Robinson,6
72866,Chicago_Bulls,13
8996930,Aaron_Brooks_(basketball),13
9279674,Julen_Lopetegui,9
356714,Herod_Antipas,6
13957994,Star_Wars:_Battlefront_(series),19
1010,April_15,20
36101762,Godzilla_(2014_film),25
2724530,Nina_Foch,6
34226,Yuri_Gagarin,20
367106,Tony_Parker,3
3884858,Carice_van_Houten,10
746,Azerbaijan,9
354122,Gallipoli_(1981_film),34
67898,Hair_(musical),30
165530,Bournemouth,0
11742434,Battle_of_Slater\'s_Knoll,17
168314,DMX_(rapper),6
64394,Goodfellas,8
481730,John_Daly_(golfer),27
1567202,Yadier_Molina,1
8636786,Patrick_Kane,7
16152986,Eden_Hazard,0
585794,Tom_Watson_(golfer),27
58682,Alan_Shearer,0
571490,Cordyceps,22
42618962,Daisy_Ridley,19
3244322,Max_Rockatansky,34
3538034,Myuran_Sukumaran,28
90050,Nefertiti,6
12338162,List_of_Mad_Men_episodes,24
564674,English_football_league_system,0
5255978,John_Tavares_(ice_hockey),7
26482586,Cinco_de_Mayo,26
337250,J._J._Abrams,19
34198898,Meyers_Leonard,3
26274410,Jeremy_Irons,31
21650,North_Carolina,14
434330,Peter_Forsberg,7
1706954,Balthazar_Getty,5
655034,Andrea_Barber,23
39402554,2015_UEFA_Champions_League_Final,9
37717514,Kalisto_(wrestler),12
16160954,James_Harden,3
20369595,Oscar_De_La_Hoya_vs._Manny_Pacquiao,28
28085067,Fast_Five,24
17541051,Jürgen_Klopp,9
3076827,Elisabeth_Moss,24
433323,Syria_Palaestina,11
11914827,Mario_Mandžukić,9
1620651,Mark_Lee_(actor),34
748251,NBA_Sixth_Man_of_the_Year_Award,3
29288667,WrestleMania_29,12
44280363,DC_Comics\'_shared_universe_films,31
73875,The_Godfather_Part_II,4
32371227,Matt_Harvey,7
1693515,Henrik_Lundqvist,7
20333139,Javier_Pastore,9
12737715,Easter_Sunday_Raid,17
980547,Tom_Bergeron,29
711747,Patrick_Dempsey,25
867891,Baron_Zemo,31
20787,Mary_Magdalene,6
28648635,X-Men:_First_Class,15
23687283,Jan_Oblak,9
13275,Hungary,18
22467,Oklahoma_City_bombing,11
5093211,Brenda_Frese,21
31577595,Quinn_Cook,14
42990507,Big_Brother_Canada_(season_3),7
18051,Labour_Day,26
418467,Peter_Dinklage,10
16707,Kurt_Cobain,17
21808587,Alyssa_Sutherland,33
12767523,List_of_current_champions_in_WWE,12
28047771,Mike_Trout,1
42420315,2014_NCAA_Men\'s_Division_I_Basketball_Championship_Game,14
72891,Golden_State_Warriors,13
69795,Selena,2
44911515,Payback_(2015),12
31376979,List_of_April_Fools\'_Day_jokes,16
25986387,Carlos_Bacca,9
18496779,Tyler_Zeller,3
2214267,Three-point_field_goal,14
37474179,WWE_NXT,12
13826091,Don_Draper,24
32433243,Breanna_Stewart,21
16723971,Jon_Favreau_(speechwriter),25
275547,Selena_(film),2
459891,Reggie_Miller,14
36736083,Varun_Dhawan,9
24466611,2013_NCAA_Men\'s_Division_I_Basketball_Tournament,14
1011,April_30,26
31831107,Vermin_Supreme,32
2109459,Shane_Battier,14
25259595,James_Maslow,24
40203,Hubble_Space_Telescope,9
27852963,Terrence_Jones,3
213795,Pat_Summitt,21
3323451,Gold_Base,5
22946595,Chris_Smalling,0
32764467,Filip_Forsberg,7
179091,Rat_Pack,4
758619,Maura_West,34
643299,Rick_Carlisle,3
1032075,2001_Gujarat_earthquake,22
24599427,Patronages_of_Saint_George,11
1150971,Bo_Ryan,14
2825163,Zack_Snyder,31
43838643,Dancing_with_the_Stars_(U.S._season_20),29
551595,Daniel_Sedin,7
39027,Mike_Tyson,28
16899,Kareem_Abdul-Jabbar,3
39216075,Liberation_Day_(Italy),34
5708763,Anne_Vyalitsyna,7
31316475,Man_of_Steel_(film),31
1827,April_23,11
2557419,Tommy_DeVito_(musician),8
38115,Crucifixion,6
426484,Vijay_Singh,27
1085284,Ajay_Devgan,16
4709116,Craig_Anderson_(ice_hockey),7
62116,Napoleon_II,16
144364,Jonathan_Pryce,10
162964,John_Stamos,23
38870332,Michele_Miscavige,5
753580,Oracle_Arena,13
3391396,Istanbul,20
3062692,Scott_Brooks,3
23473348,Günter_Grass,20
23414932,Marcos_Maidana,28
100156,Ravi_Shankar,17
9395068,Wanted_(2008_film),15
25804468,2010_Haiti_earthquake,22
4322284,Charlie_Cox,10
40397428,Tyus_Jones,14
542932,Isiah_Thomas,3
42553660,2015_NBA_Playoffs,7
21073732,Mexican–American_War,20
694468,Wilma_Mankiller,20
4820932,Death_of_Subhas_Chandra_Bose,20
9017212,Edinson_Cavani,9
4381132,1992_NCAA_Men\'s_Division_I_Basketball_Tournament,14
13091236,Mark_Ballas,29
39044308,List_of_Orphan_Black_episodes,19
10105828,Michigan_State_Spartans_men\'s_basketball,14
297628,Dragon_Ball_GT,30
24654196,Anthony_Batts,30
4760452,Tax_Day,20
19348,May_1,26
49132,Marathon,11
437332,Trailer_Park_Boys,24
13886140,1999_Sydney_hailstorm,20
31339516,Brendan_Gallagher,7
30789076,Chris_D\'Elia,24
31516,Tibet,22
378436,Foot_washing,6
22112788,Star_Wars:_Battlefront,19
19373860,HMS_Bounty,30
11247292,2011_NBA_draft,13
2896996,Noel_Gugliemi,24
1552468,Aidan_Gillen,10
614356,Jim_Jackson_(basketball),14
20930740,Star_Wars:_Battlefront_(2015_video_game),19
2873332,Zach_Parise,7
22451452,Pero_Antić,3
4629580,Al_Horford,3
2356756,Perfect_season,14
10825132,Changeling_(film),8
66964,Pittsburgh_Penguins,7
221812,Tim_Duncan,3
99940,Justice_League,31
11652868,Jason_Heyward,1
1486684,List_of_Stanley_Cup_champions,7
3992164,Oldest_people,16
2116084,Kara_Lawson,21
503164,Ray_Liotta,8
36756292,Athletics_at_the_1976_Summer_Olympics_–_Men\'s_decathlon,18
867796,Baron_Strucker,31
651268,Lamar_Odom,3
43483012,If_There_Be_Thorns_(film),24
2278804,Henry_Cavill,31
1196068,Nana_Mouskouri,4
2386348,Church_of_Scientology,5
1931092,S-400_(missile),20
748588,Alison_Doody,11
73132,Minnesota_Wild,7
3548404,List_of_English_football_champions,0
221788,Steve_Kerr,13
158548,Earth_Day,11
72892,Los_Angeles_Clippers,3
632188,Ted_Neeley,6
33425452,Aaron_Ekblad,7
73252,Frank_Miller_(comics),31
844,Amsterdam,9
306460,Michelle_Rodriguez,24
21827548,2012_NHL_Entry_Draft,7
7842004,Sheila_Dixon,30
7619908,Derek_Shepherd,25
1774301,Freedom_Day_(South_Africa),34
11330141,Mike_Colter,15
21817157,Anthony_Kennedy,30
3743597,Maria_Altmann,19
32429,Vidkun_Quisling,20
6653,Cape_Town,17
905957,Human_height,16
319973,1967_Detroit_riot,30
1709861,Debra_Paget,6
53117,Milwaukee,13
27991805,Nikola_Mirotić,13
42579581,Trainwreck_(film),15
5877677,2009_NBA_draft,13
151949,Vincent_Price,6
339365,Dave_Chappelle,24
36355277,Vikings_(TV_series),33
42173,Aston_Villa_F.C.,0
11570261,List_of_career_achievements_by_Tiger_Woods,27
695909,Yvonne_De_Carlo,6
719429,Kelly_Monaco,29
43184381,Erich_Bergen,8
50957,Star_Wars_Episode_II:_Attack_of_the_Clones,19
1775669,International_Dance_Day,30
49565,President_pro_tempore_of_the_United_States_Senate,34
214109,Gallipoli_Campaign,34
7687013,Meredith_Grey,25
701741,Thanos,25
58925,Margrethe_II_of_Denmark,26
43408541,The_Marine_4:_Moving_Target,12
19904525,Transgender,22
16309997,Egg_hunt,6
11237,FA_Cup,0
101141,Governor_of_Maryland,30
579485,Whitey_Bulger,8
41572733,Young__Hungry,23
2009549,Brooke_Langton,25
36861341,Capital_punishment_in_Indonesia,28
25156493,List_of_Daredevil_enemies,15
1541,April_13,20
2321981,Carrie_Ann_Inaba,29
872237,Martin_O\'Malley,30
13291949,Troy_Deeney,0
172589,FC_Porto,9
439589,Ann_Miller,4
1711637,J._R._Smith,3
84197,Atlético_Madrid,9
16973765,Christos_anesti,6
32784677,Khris_Middleton,13
7064453,Loïc_Rémy,0
1660277,Grey\'s_Anatomy,25
16822613,Lydia_Clarke,6
1882805,Shōwa_Day,30
823277,John_Cazale,4
42075101,Clint_Capela,3
50477,Martial_law,30
15656621,Fast__Furious_(2009_film),24
19829,May_Day,26
18255941,2010–11_UEFA_Champions_League,9
25190741,Gadhimai_festival,22
2466773,The_Godfather,4
1203461,Will_Forte,24
34193573,Mychel_Thompson,13
8623685,Jaroslav_Halák,7
4760381,WWE_Extreme_Rules,12
31089821,Kaleena_Mosqueda-Lewis,21
44948501,Money_in_the_Bank_(2015),12
243389,Charlotte_Hornets,13
4764461,World_War_I,34
8149037,Maksim_Chmerkovskiy,29
36769949,Óliver_Torres,9
9728093,UCLA_Bruins_men\'s_basketball,14
5634629,Talitha_Getty,5
991709,Kevin_James,7
5876933,Devan_Dubnyk,7
73133,Vancouver_Canucks,7
2521661,Joe_Hart,0
34062366,Damian_Lillard,3
1080294,Adam_Scott_(golfer),27
42694638,Law__Order:_Special_Victims_Unit_(season_16),5
1687158,John_Paul_Getty_III,5
26808582,Mason_Plumlee,14
1126782,William_T._Anderson,16
31930998,This_Is_40,15
11091078,Dragon_Ball,30
1425342,List_of_Star_Wars_video_games,19
30175038,Emilia_Clarke,10
1659870,Paul_Haggis,5
26979534,Peter_Godsday_Orubebe,16
1658814,Barclays_Center,7
2172078,Kate_Walsh_(actress),24
2371086,Ciarán_Hinds,10
172326,FC_Bayern_Munich,9
69414,Castration,20
1104102,Foggy_Nelson,15
14814,Indiana_Jones,26
346854,Stan_Freberg,10
17977254,Hunico,12
1491798,Gerard_Piqué,9
32056806,Willow_Shields,29
1195302,Scott_Glenn,15
634974,Sonny_Shroyer,17
111582,Wonder_Woman,31
4924254,Assassination_of_Abraham_Lincoln,20
11291214,Coco_Chanel,34
31347438,Mark_Stone_(ice_hockey),7
1633206,Tyson_Chandler,3
4023894,Si_Yi_Chen,28
204582,Battle_of_Five_Forks,16
4591158,List_of_Law__Order:_Special_Victims_Unit_episodes,5
4953438,Ode_of_Remembrance,34
45700998,Noah_Galloway,29
44707014,The_New_Day,12
697926,Emma_Frost,15
204702,Divine_(performer),30
705774,Embeth_Davidtz,24
1974,April_17,26
513390,List_of_Avengers_members,31
10490910,Stanley_Cup_playoffs,7
2010174,Race_and_crime_in_the_United_States,30
113070,Pontius_Pilate,6
1710,April_22,11
241230,Ian_Wright,0
317070,Sable_(wrestler),12
4471038,Money_in_the_Bank_ladder_match,12
3647046,Getty_family,5
1888758,Margaery_Tyrell,10
13133550,Nick_Calathes,3
26289750,Hawkeye_(comics),31
2327862,Popeye_Jones,7
215670,Lil\'_Kim,29
362238,Quicksilver_(comics),25
223854,U.S._Open_(golf),27
39229782,2014_Masters_Tournament,27
42966,Montreal_Canadiens,7
24412854,Nico_Tortorella,5
23680998,Justin_Bieber,24
3390,Bible,6
11607222,Ryan_Anderson_(basketball),13
742926,ANZAC_Cove,34
45222,Jean_Michel_Jarre,24
33514494,Turbo-Charged_Prelude,24
2202702,A_Dance_with_Dragons,10
73134,Anaheim_Ducks,7
53862,Darth_Vader,19
390606,List_of_heavyweight_boxing_champions,28
11098110,Fabian_Delph,0
21046950,List_of_earthquakes_in_India,22
22090158,Jimmy_Butler_(basketball),13
216774,Layne_Staley,17
159966,Ludacris,24
1096734,Nick_Massi,8
1336518,Indian_Plate,22
449982,Ray_Lewis,30
16251126,Erik_Karlsson,7
21692334,Krysten_Ritter,15
7566,Carousel_(musical),26
148878,Mario_Lemieux,7
195246,The_Passion_of_the_Christ,6
925494,Tyler_Hansbrough,14
165630,Battle_of_San_Jacinto,11
13362678,Robert_Lewandowski,9
603942,John_Barnes_(footballer),0
145830,Edwin_of_Northumbria,20
7208646,Jallianwala_Bagh_massacre,20
2031342,Brian_Burke_(ice_hockey),7
2088462,Arnold_Palmer_(drink),27
222294,John_Hinckley_Jr.,18
32511174,Cody_Zeller,3
28326342,Murder_of_Selena,2
398166,Sebastian_Shaw_(comics),15
631494,Moment_magnitude_scale,22
3914646,Jeff_Green_(basketball),3
147726,Shaquille_O\'Neal,14
10350,Easter_Rising,6
32601798,Alicia_Vikander,31
30923526,Raheem_Sterling,0
675126,DFB-Pokal,9
26796462,Dean_Ambrose,12
21105366,James_Deen,6
17862,L._Ron_Hubbard,5
766086,Solo_family,19
10918782,Davidson_Wildcats_men\'s_basketball,13
4630134,Adam_Wainwright,1
95310,Oscar_De_La_Hoya,28
22852566,Crucifixion_of_Jesus,6
17359,K2,22
42558799,Flowers_in_the_Attic_(2014_film),24
23546455,PGA_Tour,27
1806895,Vondie_Curtis-Hall,10
387583,Calvary,6
630463,WWE_World_Heavyweight_Championship,12
42908311,Woman_in_Gold,19
38081095,Jeralean_Talley,16
719095,FIFA_World_Rankings,0
595639,Pat_Tillman,11
10213087,Mark_Sloan_(Grey\'s_Anatomy),25
39363007,Undateable,24
194551,Sammy_Davis_Jr.,4
3509287,Manchester_derby,0
17486791,National_Doctors\'_Day,2
603103,Crystal_Cathedral,16
1891903,Barlow_and_Chambers_execution,28
4375,Barry_Bonds,7
242911,Jack_Nicklaus,27
229447,Armenian_Apostolic_Church,9
12596047,Jackson_Martínez,9
6253255,Sammi_Hanratty,24
1639,April_28,30
31136575,NCAA_March_Madness_(CBS/Turner),14
1967983,Boss_Hogg,17
332719,Elizabeth_Montgomery,20
1132159,Eddie_Howe,0
3811039,Juan_Manuel_Márquez,28
187807,Demi_Moore,29
218935,Walpurgis_Night,26
16877431,Vincent_Piazza,8
157447,Greg_Norman,27
44209783,Asia\'s_Got_Talent,26
55447,Star_Wars_Episode_III:_Revenge_of_the_Sith,19
21131695,Robert_F._Kennedy,18
387751,Kingpin_(comics),15
45665503,Meet_the_Smiths,14
3634471,Jon_Hamm,24
156607,Nefertari,6
1660879,Jessica_Paré,24
25832311,Miles_Plumlee,14
3133951,Slaviša_Jokanović,0
38247919,Śmigus-Dyngus,6
1828447,Jessica_Jones,15
26392255,Kiernan_Shipka,24
1779343,Herb_Trimpe,15
1702399,Zach_Randolph,3
17473111,Emma_Heming,29
401575,Lori_Loughlin,23
268111,Cuban_Revolution,4
39197287,Dennis_Schröder,3
780055,Sidney_Crosby,7
232711,The_Truman_Show,19
159511,Phoebe_Cates,25
42688351,2014–15_FC_Barcelona_season,9
1590607,Beno_Udrih,3
22224559,The_Last_Song_(film),25
11807815,Clay_Guida,14
32878879,Petr_Mrázek,7
44489815,Justise_Winslow,14
15919,John_Wilkes_Booth,20
3415,Bulgaria,20
30059575,Los_Bandoleros_(film),24
1553191,1992_Los_Angeles_riots,30
7471,Catherine_of_Siena,30
965935,January_Jones,24
33127,Wisconsin,14
69919,In_Search_of_Lost_Time,31
235879,Comedy_Central,24
21728,New_York_Mets,7
26552,Roy_Orbison,4
213416,The_Replacements_(film),25
29609480,Ice_Age:_Continental_Drift,6
937184,Chester_Brown,32
31491224,Trevor_Noah,24
22228064,Parkinson\'s_disease,28
81800,Mary-Kate_Olsen,23
14912,Incest,24
4118960,Hyman_Roth,4
31150160,2011_Tōhoku_earthquake_and_tsunami,22
2421536,Andre_Iguodala,13
1000232,Genocides_in_history,34
1162904,Shaun_Livingston,13
24104048,Koningsdag,34
2309648,Jay_Bilas,14
8743328,Ajax_(comics),15
15204392,Chandler_Parsons,3
4381112,1991_NCAA_Men\'s_Division_I_Basketball_Tournament,14
10185776,Sinking_of_the_RMS_Titanic,20
11178344,Spasmodic_dysphonia,18
634064,John_Waters,30
407288,2_Fast_2_Furious,24
50744,Return_of_the_Jedi,19
28059680,List_of_Game_of_Thrones_characters,10
2060192,Charles_Dance,10
35749376,R5_(band),29
39167360,Dzhokhar_and_Tamerlan_Tsarnaev,11
609032,Jane_Russell,4
11951528,Mad_Men,24
182456,Frankie_Valli,8
26378096,Trans_woman,22
237080,Mystique_(comics),15
10631744,Wisconsin_Badgers_men\'s_basketball,14
2627960,Kentucky_Wildcats,14
13118744,Scientology,5
4575104,Armenian_Genocide_Remembrance_Day,20
123512,Wang_Jingwei,2
76496,Max_von_Sydow,6
5718176,Jamie_Mackie,0
3002912,Franck_Ribéry,9
3505712,Trans-Pacific_Partnership,20
42503144,Sinking_of_the_MV_Sewol,26
49448,Horus,6
17168,Kathmandu,22
39144224,West_Fertilizer_Company_explosion,26
222488,Camp_Nou,9
30680,The_New_York_Times,8
24944,Plate_tectonics,22
31457768,Desiree_Linden,11
14690456,Boyd_Holbrook,25
43376,Boston_Celtics,3
2240912,2005_NHL_Entry_Draft,7
18969800,Michael_Clarke_Duncan,15
59216,Liza_Minnelli,4
5454176,Darla_Moore,32
3960800,List_of_natural_disasters_by_death_toll,28
610616,Fletcher_Christian,30
1400,Anno_Domini,6
6018248,Monty_Williams,13
17144072,Fritzl_case,8
606848,Catholic_Church,6
634088,John_Kruk,1
5111264,William_Porter_Payne,27
36906344,Batman:_The_Dark_Knight_Returns_(film),31
41357456,Michael_Sam,29
1051400,Better_Luck_Tomorrow,24
655424,Grant_Hill,14
42604160,Rydel_Lynch,29
322448,Scottie_Pippen,13
379616,Colin_Montgomerie,27
39761168,Mad_Men_(season_7),24
34030640,Jabari_Parker,13
24395072,Jewish_greetings,6
2014592,Puthandu,20
7207040,Clint_Hill_(footballer),0
66968,Stanley_Cup,7
5257280,Duela_Dent,31
6176,Cecil_B._DeMille,6
12710384,Rickie_Fowler,27
5847824,Jeff_Ross,24
389504,Caiaphas,6
3385208,Goodluck_Jonathan,16
38246480,Willie_Cauley-Stein,14
1711737,Bartolo_Colón,1
40918281,List_of_Suicide_Squad_members,31
19887297,List_of_FA_Cup_finals,0
2417049,Jarret_Stoll,7
3271785,George_Parros,7
149697,Boeing_737,20
8367801,Final_four,14
17016657,Haaz_Sleiman,6
27196905,List_of_oldest_and_youngest_National_Basketball_Association_players,3
9105,DC_Comics,31
7652049,Jon_Scheyer,14
25541697,Louie_(TV_series),10
67761,Herod_the_Great,6
165681,The_Four_Seasons_(band),8
31615401,Game_of_Thrones_(season_1),10
15443721,Wineville_Chicken_Coop_Murders,8
233529,Aftershock,22
10861449,Shalane_Flanagan,11
399441,Nenê,3
1848921,Roma_Downey,6
263385,True_Cross,6
2064489,Michele_Bachmann,11
43186905,Game_of_Thrones_(season_5),10
3935145,Luca_Brasi,4
30345225,Jae_Crowder,3
2746089,Lucas_Oil_Stadium,14
26581569,Deus_Ex_(series),20
12643497,Comedy_Central_Roast,24
337401,Stations_of_the_Cross,6
41594601,Doctor_Who_(series_9),10
18630681,Daredevil_(Marvel_Comics),15
21814113,2011_NHL_Entry_Draft,7
40434681,2013–14_Wisconsin_Badgers_men\'s_basketball_team,14
270849,Winnipeg_Jets_(1972–96),7
15777,Joseph_Goebbels,26
2396553,Pep_Guardiola,9
1625913,Fredo_Corleone,4
20557161,Han_Solo,19
14136945,Nazanin_Boniadi,5
178617,Daughters_of_the_American_Revolution,20
952833,Elin_Nordegren,27
546105,S-300_(missile),20
307209,Wisconsin_Badgers,14
50793,Star_Wars_Episode_I:_The_Phantom_Menace,19
12441,Genocide,20
98553,Red_Skull,25
713577,A_Game_of_Thrones,10
381369,Christine_Jorgensen,22
434385,Bobby_Jones_(golfer),27
378561,Eric_Harris_and_Dylan_Klebold,11
1307649,Gilbert_Arenas,3
38824857,List_of_Vikings_episodes,33
1146033,Kevin_McHale_(basketball),3
36753,Magic_Johnson,14
414897,America\'s_Funniest_Home_Videos,29
17503833,Xenophobia_in_South_Africa,26
565113,David_Rocastle,2
39301329,Isaiah_Brown,0
951969,Baltimore_riot_of_1861,30
46296513,Garissa_University_College_attack,16
25844193,Kit_Harington,10
10292841,Julianne_Hough,29
30476025,Mike_Budenholzer,3
144201,Kenny_Baker_(English_actor),19
67377,Ho_Chi_Minh,26
4779441,Hugh_Keays-Byrne,34
182265,Boston_Marathon,11
21883857,Indiana,14
18026409,2010_NHL_Entry_Draft,7
311937,Kane_(wrestler),12
20286729,Jrue_Holiday,13
3508785,Dani_Alves,9
372417,1960_Valdivia_earthquake,22
31737,Supreme_Court_of_the_United_States,30
2435721,Duke_Blue_Devils,14
4894473,Pashupatinath_Temple,22
1970001,Renae_Lawrence,28
4359321,Doris_Burke,21
176457,Songkran_(Thailand),20
1031793,Didier_Drogba,0
32931921,Sin_Cara,12
4213809,Glen_Davis_(basketball),3
648201,Paschal_greeting,6
72897,Portland_Trail_Blazers,3
2437065,Andrés_Iniesta,9
34700457,Seven_Churches_Visitation,6
6200601,NCAA_Men\'s_Division_I_Final_Four_appearances_by_school,14
488793,Jim_Caviezel,6
10017154,Indiana_Hoosiers_men\'s_basketball,14
439642,Wasp_(comics),15
1527394,Ricky_Hatton,28
21463858,Gwendolyn_Osborne,14
29963050,2012–13_UEFA_Champions_League,9
199018,Miguel_Cotto,28
202354,Vietnam,26
39353050,International_Workers\'_Day,26
162154,Steve_Yzerman,7
1640050,Sophia_Bush,5
1642930,John_Calipari,14
1577650,Amanda_Waller,31
303946,Stephanie_McMahon,12
1303234,J._J._Redick,3
42227890,2014–15_Duke_Blue_Devils_men\'s_basketball_team,14
42892786,List_of_The_Last_Ship_episodes,14
524986,Batman:_The_Killing_Joke,31
5486482,National_Hockey_League_rules,7
1848610,Tatiana_Maslany,19
496570,Vince_Carter,3
8252650,North_Carolina_Tar_Heels_men\'s_basketball,14
174922,The_Go-Go\'s,25
42721570,List_of_Marvel_Cinematic_Universe_television_series,15
59554,Jesus_Christ_Superstar,6
32558962,Marshall_Plumlee,14
34206946,Gisela_of_France,33
2171410,Greg_Giraldo,24
18951826,April_4,16
23804578,Skylar_Diggins,21
60706,National_Collegiate_Athletic_Association,14
6323098,Mesut_Özil,0
15003874,Tom_Hiddleston,25
28492546,Kelly_Olynyk,3
2452474,Marcin_Gortat,3
2194,April_5,17
1821202,Barabbas_(1961_film),6
615874,Gianluigi_Buffon,9
40621714,Brandon__Leah,18
32342938,Gwendoline_Christie,10
193714,Holy_Week,6
13408378,Fanny_Sunesson,27
42013786,Paul_Blart:_Mall_Cop_2,7
1644922,Holy_Wednesday,6
13737778,Keeping_Up_with_the_Kardashians,18
462394,Jason_Kidd,13
43291186,2015_U.S._Open_(golf),27
1443634,Billy_Donovan,3
3667066,Azazel_(Marvel_Comics),15
9262402,David_Luiz,9
255898,Mad_Max,34
13383154,Javier_Hernández,9
5559010,Avery_Johnson,21
43161442,Jack_Eichel,7
392554,Terry_Nichols,11
48034,Anzac_Day,34
1497682,Zeta_Beta_Tau,30
2740978,Peter_Clemenza,4
44653018,Killing_Jesus_(miniseries),6
565474,Icing_(ice_hockey),7
27798490,WrestleMania_XXX,12
927946,Peter_Alliss,27
752314,2003_NBA_draft,3
40006090,Dragon_Ball_Z,30
5703322,Kyle_Okposo,7
1492042,John_Derek,6
188746,Civil_Rights_Act_of_1964,30
1323466,Official_World_Golf_Ranking,27
667018,Sergio_García,27
4306,Beltane,26
8037082,2005_Kashmir_earthquake,22
3058522,Race_and_ethnicity_in_the_United_States,30
302602,Wolverine_(character),15
1095706,Jesus,6
340330,Watts_riots,30
36909154,Dani_Carvajal,9
2295010,Flowers_in_the_Attic,24
44002,United_States_Attorney_General,8
53602,Luke_Skywalker,19
18291346,List_of_Edmonton_Oilers_draft_picks,7
20110714,1906_San_Francisco_earthquake,22
310762,Marathon_world_record_progression,11
1142794,Carlo_Ancelotti,9
2215547,Keyshia_Cole,3
23048651,Surb_Karapet_Monastery,9
290195,Elizabeth_Warren,32
4127843,Vanessa_Fisk,15
4183115,Tony_Dovolani,29
21348731,P._K._Subban,7
556331,Emeka_Okafor,14
8795,Detroit_Red_Wings,7
20321147,Typhus,20
1787,April_9,20
25040387,2009–10_Duke_Blue_Devils_men\'s_basketball_team,14
355379,Manisha_Koirala,22
1512539,Jesse_Eisenberg,31
46285691,Andrew_Getty,5
39425747,Your_Face_Sounds_Familiar_(Philippine_TV_series),7
690083,List_of_WWE_World_Heavyweight_Champions,12
756107,Geno_Auriemma,21
188171,Kenya,16
28715,System_of_a_Down,20
59627,Columbine_High_School_massacre,11
161459,James_Milner,0
337019,Robert_Todd_Lincoln,20
2316131,Nikolaj_Coster-Waldau,10
28272011,Marquis_Teague,3
1624043,Easter_Vigil,6
68555,Eunuch,20
664019,Owl_(Marvel_Comics),15
272723,Canute_IV_of_Denmark,26
1345259,Anggun,26
73259,Order_of_the_Garter,11
4709147,Dustin_Byfuglien,7
10878515,Mark_Reeds,7
21683,Nancy_Sinatra,4
3993299,Stone_(Marvel_Comics),15
42179,Mount_Everest,22
39402563,2014–15_UEFA_Europa_League_knockout_phase,9
5606675,John_Lloyd_Young,8
2195,April_20,11
357059,John_André,28
3561731,Steve_Williams_(caddy),27
43881299,The_Lucha_Dragons,12
359603,Simon_of_Cyrene,6
12899,Gestapo,34
331715,Borussia_Dortmund,9
16849403,Connecticut_Huskies_men\'s_basketball,14
550067,Michael_Corleone,4
16043,Jerusalem,6
10823555,Muffet_McGraw,21
1836179,Ælla_of_Northumbria,33
262475,Melanie_C,26
42083,Clark_Gable,4
36437867,Dragon_Ball_Z:_Battle_of_Gods,30
6731,Boeing_C-17_Globemaster_III,28
19256075,Maggie_Siff,24
2483,April_21,11
2964059,Sam_Worthington,6
1425107,Jim_Nantz,14
396803,Dirk_Nowitzki,3
53435,Venus_de_Milo,17
44219,Mel_Gibson,34
31665323,Kathmandu_Durbar_Square,22
38318195,Political_positions_of_Rand_Paul,32
21859691,Garfunkel_and_Oates,2
708371,Defenders_(comics),15
63995,Professional_wrestling_match_types,12
150011,Bergen-Belsen_concentration_camp,20
22888547,John_Wall_(basketball),3
8747147,2010_NBA_draft,3
446099,John_Terry,0
2748971,Rian_Johnson,19
157211,Masters_Tournament,27
803,Arabic_language,16
1625891,Vito_Corleone,4
30657971,Thibaut_Courtois,0
46403,Passover_Seder,6
250715,Saint_George_and_the_Dragon,11
34656371,Lori_Greiner,29
174395,Lewinsky_scandal,32
11889347,Jorge_Masvidal,14
42971,The_Dukes_of_Hazzard,17
43115,Ava_Gardner,4
6761075,Calbuco_(volcano),20
24050915,Extraversion_and_introversion,32
1464947,Alhambra_Decree,2
27795131,The_Winds_of_Winter,10
102227,New_York_Post,26
22407180,Tig_Notaro,15
438060,Qingming_Festival,6
43483356,Seeds_of_Yesterday_(film),24
417324,Battle_of_Lone_Pine,34
59172,Judas_Iscariot,6
1092612,Glossary_of_golf,27
240900,World_War_II_casualties,22
53964,The_Empire_Strikes_Back,19
34459716,Bryant_Jennings,28
957684,Cesc_Fàbregas,0
1529604,Tom_Wopat,17
16514508,1997_Masters_Tournament,27
25453500,Coordinated_Universal_Time,30
2054844,Jamal_Crawford,3
42880644,2014–15_Wisconsin_Badgers_men\'s_basketball_team,14
329772,List_of_mayors_of_Baltimore,30
496020,Arrested_Development_(TV_series),8
33900,William_Bligh,30
333012,Robert_Kardashian,18
19692,Monopoly_(game),26
12,Anarchism,26
1648524,O._J._Mayo,13
8484,Deus_Ex,20
31028820,List_of_National_Basketball_Association_career_playoff_scoring_leaders,3
44220,UEFA_Champions_League,9
24537060,Kendall_Jenner,18
34099140,2012_Masters_Tournament,27
1796004,Rumer_Willis,29
33443220,Brickleberry,24
23416020,Ice_Age_(franchise),6
2101284,Richard_Fisk,15
23340,Paganism,6
25740,Robert_E._Lee,20
10434804,Marreese_Speights,13
17128740,Dominic_Toretto,24
16354524,List_of_Masters_Tournament_champions,27
679716,Belgium_national_football_team,0
9324,Easter_egg,6
74940,Marian_Anderson,20
499380,Jeanette_MacDonald,22
1615980,Ian_Poulter,27
20785764,Black_Sunday_(storm),20
12300,George_R._R._Martin,10
753300,Laura_Prepon,5
5186028,Moe_Greene,4
15054180,Nuestra_Belleza_Latina,24
853380,Dan_Blocker,23
31383036,Riker_Lynch,29
693780,Paul_Hogan,10
32893956,The_Bible_(miniseries),6
2250516,Baltimore_riot_of_1968,30
193260,Penny_Black,26
377388,Elektra_(comics),15
726516,Peggy_Shippen,28
274452,California_Golden_Seals,7
1651932,Pontius_Pilate\'s_wife,6
568092,Overtime_(ice_hockey),7
399372,Public_holidays_in_the_United_States,6
31388580,Meek_Mill,9
408948,Jeffrey_Hunter,6
1231332,Thomas_DeSimone,8
43356,Tiger_Woods,27
2144172,Bobby_Zamora,0
73140,Nashville_Predators,7
72852,Brooklyn_Nets,3
162084,Jodie_Sweetin,23
1453980,Jason_Terry,3
48804,London_Marathon,11
24748284,Olivier_Giroud,0
11134596,Kent_State_shootings,30
1472628,St_George\'s_Day,11
36836604,Adrien_Rabiot,9
215148,John_Muir,11
2468316,Trevor_Ariza,3
2196,April_19,11
5639916,Allison_Holker,29
5426652,List_of_Full_House_characters,23
302100,Sorrell_Booke,17
224580,Grand_Slam_(golf),27
43223244,A.B._Quintanilla,2
868356,Killer_Croc,31
1110732,David_Duval,27
84781,Jean_Seberg,4
447685,Aelia_Eudoxia,34
2387461,Boris_Diaw,3
4376005,Fasting_and_abstinence_in_the_Roman_Catholic_Church,6
52549,Star_Wars_(film),19
4679173,Ben_Bishop,7
799357,John_Schneider_(screen_actor),17
39120733,Boston_Marathon_bombings,11
13102861,Baltimore_riots,30
170389,Maundy_Thursday,6
8219053,Duke_Blue_Devils_men\'s_basketball,14
26941,Spike_Lee,14
38314165,Ashley_Olsen,23
684397,The_Ultimate_Warrior,12
3300973,Villers-Bretonneux,34
679837,Basketball_court,14
148645,Helena_(empress),6
1972333,Rick_Hurst,17
39783541,Mookie_Betts,1
46165,Charlton_Heston,6
37133773,Pattie_Mallette,24
4521253,Garissa,16
2461597,Michael_Carrick,0
48733,Ragnar_Lodbrok,33
245989,Ēostre,6
23292229,Akihito,16
1093333,Bob_Gaudio,8
914029,The_Dark_Knight_Strikes_Again,31
2820925,Elden_Henson,15
28381,Superman,31
11283085,Deus_Ex:_Human_Revolution,20
981085,David_A._Johnston,22
2127805,Deron_Williams,3
3595429,Carey_Price,7
976141,Jon_Snow_(character),10
434221,James_Webb_Space_Telescope,9
1261,April_26,34
377029,Wild_Bill_Hickok,16
22860589,Shark_Tank,29
77701,Ishtar,6
21709,Nation_of_Islam,30
118405,Howard_Keel,4
23725,Peter_Falk,6
22093,National_Basketball_Association,7
14203213,Seth_Rollins,12
4477,The_Beach_Boys,4
201949,Mia_Farrow,4
29642053,Elizabeth_Olsen,25
622597,Anthony_Daniels,19
7687021,Cristina_Yang,25
1478485,Battle_of_Appomattox_Court_House,20
221725,Don_Cherry,7
12301,A_Song_of_Ice_and_Fire,10
176725,The_Open_Championship,27
32293,United_States_Secretary_of_State,32
36426373,Mad_Max:_Fury_Road,34
34141,Xenophobia,26
14611981,Robin_Lopez,3
3426205,Christina_Hendricks,24
1823869,The_Exodus,6
1353277,King_of_Kings_(1961_film),6
70501,Atlanta_Thrashers,7
3538237,Andrew_Chan,28
90685,Debi_Mazar,5
4750261,Daniel_Gibson,3
25645,Rwanda,16
140461,Lists_of_earthquakes,22
3765853,Colby_Armstrong,7
9325,Easter,6
656221,Augusta_National_Golf_Club,27
31120069,List_of_Game_of_Thrones_episodes,10
225541,Talia_Shire,4
755749,Alexander_Ovechkin,7
14596669,Kofi_Kingston,12
47125,Easter_Bunny,6
32187421,Norris_Cole_(basketball),13
644437,Bob_Hartley,7
17107550,Danny_Green_(basketball),3
9945566,List_of_the_verified_oldest_people,16
18599942,History_of_the_National_Hockey_League_(1967–92),7
734894,Denver_Pyle,17
72878,Milwaukee_Bucks,13
290462,Badger,14
248222,The_Fast_and_the_Furious_(2001_film),24
236750,Mahavira,6
19766,Marshall_Plan,16
5032094,Ashley_Young,0
48830,Georgia_(U.S._state),27
170438,Heather_Graham,24
16368206,Paul_Blart:_Mall_Cop,7
20966,Marvel_Comics,31
45376382,Devin_Booker,14
16046,James_Cagney,4
18896198,Luke_Harper,12
15895358,Calgary,7
2162222,The_Miz,12
45322262,Linda_L._Singh,30
17238662,Grenada,16
23962286,Callum_Wilson_(English_footballer),0
4906670,Scientology_and_celebrities,5
36613262,X-Men:_Days_of_Future_Past,15
41374286,Daenerys_Targaryen,10
5122310,March_Days,2
42518,Rollo,33
24227534,Mad_Max_(franchise),34
28150958,List_of_NCAA_Men\'s_Division_I_Basketball_champions,14
7953974,Bubba_Watson,27
21424406,Candace_Cameron_Bure,23
5354438,Seeds_of_Yesterday,24
42163310,List_of_Marvel_Cinematic_Universe_films,25
38131286,2015_Copa_Libertadores,20
42194534,Larry_Hogan,30
1849742,Damien_Sandow,12
11659694,List_of_oldest_living_people,16
740534,Diana_Taurasi,21
1862,April_14,20
44236934,Truth_(2015_film),8
2901782,Mark_Rathbun,5
24148454,Arsène_Wenger,0
42785942,2014–15_FA_Cup,0
2250854,Hedo_Türkoğlu,3
3772886,Ayelet_Zurer,15
9262238,Sara_Northrup_Hollister,5
1506950,Men\'s_major_golf_championships,27
1334,April_16,26
4704518,Suvarnadurg,16
43633622,The_Visit_(2015_film),26
25157414,2014_NCAA_Women\'s_Division_I_Basketball_Tournament,21
2174,Arsenal_F.C.,0
46294454,Garissa_University_College,16
418598,Gentlemen_Prefer_Blondes_(1953_film),4
26414,Resurrection_of_Jesus,6
3067598,Nusa_Kambangan,28
964382,Australian_and_New_Zealand_Army_Corps,34
222902,Führerbunker,26
886286,List_of_top_300_Major_League_Baseball_home_run_hitters,1
42492206,Younger_(TV_series),5
1668254,Tom_Izzo,14
25157702,2015_NCAA_Women\'s_Division_I_Basketball_Tournament,21
26678,Star_Wars,11
28347998,1992_United_States_men\'s_Olympic_basketball_team,14
21284222,Brody_Jenner,18
1502942,Black_Day,20
12760718,Max_Scherzer,1
2384174,Arda_Turan,9
543758,Holy_Saturday,6
35436254,Game_of_Thrones_(season_3),10
1343342,Ben-Hur_(1959_film),6
12310814,Carly_Rae_Jepsen,24
2304230,Clark_Kellogg,14
1591574,Luke_Walton,13
11556494,Dharahara,22
32747990,Naomi_(wrestler),12
1690046,Rosie_Ruiz,11
215966,Amar\'e_Stoudemire,3
525038,Bernie_Mac,10
29540174,Rose_Leslie,10
19646390,Jackie_Robinson_Day,20
7687022,Izzie_Stevens,25
24559190,Beck_v._Eiland-Hall,24
384758,WrestleMania,12
2447343,Matt_Barnes,3
44174775,Dominic_Solanke,0
214479,Computus,6
8726463,Al-Shabaab_(militant_group),16
469887,David_Foster,18
7023,Confederate_States_of_America,20
42440511,2014–15_Kentucky_Wildcats_men\'s_basketball_team,14
5864967,2010_NCAA_Men\'s_Division_I_Basketball_Tournament,14
19630743,Dustin_Johnson,27
27668775,Attahiru_Jega,16
1695615,Rex_Chapman,14
27134463,Scooter_Braun,24
1891287,List_of_Australians_imprisoned_or_executed_abroad,28
1323399,Justin_Rose,27
158079,Joss_Whedon,31
167847,Ramesses,6
26601543,Beneath_Hill_60,34
895551,FC_Dnipro_Dnipropetrovsk,9
154143,Edward_R._Murrow,10
440391,Pavel_Datsyuk,7
8679351,Oscar_De_La_Hoya_vs._Floyd_Mayweather,28
23389359,Chad_Mendes,14
249183,Ludlow_Massacre,11
26247,Received_Pronunciation,10
43867095,Deadpool_(film),15
38488983,All_Progressives_Congress,16
58719,Judy_Garland,4
6220455,Kevin_Love,3
4057599,Nastia_Liukin,29
1965591,Star_Wars:_Battlefront_II,19
13188471,Kentucky_Wildcats_men\'s_basketball,14
26342823,Quincy_Pondexter,13
4870191,Tracy_Wolfson,14
36691503,2013_Masters_Tournament,27
488919,Barabbas,6
1183383,Sansa_Stark,10
6267327,Freddie_Roach_(boxing),28
20647767,Jennifer_Connelly,25
5655,Courtney_Love,17
3381687,Bob_Crewe,8
22549887,GRB_090423,20
4519047,List_of_first_overall_NHL_draft_picks,7
38865327,2013–14_Kentucky_Wildcats_men\'s_basketball_team,14
587895,Spaghetti-tree_hoax,16
26521287,Jared_Sullinger,3
2083887,The_Hand_(comics),15
40715991,Renee_Young,12
21330399,Fandango_(wrestler),12
41577351,Silicon_Valley_(TV_series),10
262383,Ben_Hogan,27
31142199,List_of_U.S._men\'s_college_basketball_national_player_of_the_year_awards,14
38000871,2013_NBA_draft,3
21231,Nirvana_(band),17
46204719,Eurovision_Song_Contest\'s_Greatest_Hits,9
72879,Toronto_Raptors,3
665823,Randy_Orton,12
507399,NCAA_Men\'s_Division_I_Basketball_Championship,14
76383,The_Ten_Commandments_(1956_film),6
1753935,Battle_of_the_Seelow_Heights,26
1505487,Andrew_Bogut,13
22500951,List_of_NCAA_Men\'s_Division_I_Final_Four_appearances_by_coach,14
2539671,Ten_Commandments,6
156591,List_of_Scientologists,5
353535,Roman_Abramovich,0
29773383,Lelisa_Desisa,11
36584679,Gangnam_Style,9
570135,Battle_of_Kapyong,11
1649823,Charlie_Villanueva,3
35098911,Pollyanna_Woodward,27
999975,Peter_Mayhew,19
20647359,Elisha_Cuthbert,24
5170095,List_of_Grey\'s_Anatomy_characters,25
1245855,Burger_Chef,24
84183,Manfred_von_Richthofen,11
41004928,Tyrion_Lannister,10
41919736,The_Age_of_Adaline,31
47944,Joseph_of_Arimathea,6
87208,Execution_by_firing_squad,28
2224,April_8,17
61768,Mount_Sinai,6
5126056,Earthquake_zones_of_India,22
2083168,Simonetta_Stefanelli,4
1621984,Paul_Casey,27
206392,Nancy_Wake,30
3279424,R.A._Dickey,10
2873440,Matthew_Norman,28
991720,Leah_Remini,5
574120,Iron_Fist_(comics),15
162856,Ngaio_Marsh,11
284368,University_of_Kentucky,14
33438856,Johnny_Gaudreau,7
25646896,Matthew_Dellavedova,3
72880,Dallas_Mavericks,3
40319896,2013–14_Connecticut_Huskies_men\'s_basketball_team,14
1417360,Falcon_(comics),31
3587416,Lazarus_of_Bethany,6
2231248,List_of_current_world_boxing_champions,28
2649448,Mike_Vitar,1
31663216,Apostle_(Christian),6
4125040,Bruno_Tonioli,29
12325816,Katheryn_Winnick,33
174376,Whitewater_controversy,32
3838336,Chios_massacre,2
349744,Payne_Stewart,27
448120,Luke_Cage,15
1624,Andrew_Johnson,20
54376,Attorney_general,8
39550528,2014_Stanley_Cup_playoffs,7
38205760,Misao_Okawa,16
24902944,Antoine_Griezmann,9
2423824,Nate_Robinson,3
30876976,Tyrese_Gibson,24
66880,New_York_Islanders,7
29656,Steve_Ballmer,3
4606216,2009_NCAA_Men\'s_Division_I_Basketball_Tournament,14
35807080,Caroline_Rotich,11
14560,Republic_of_Ireland,16
3365296,King_Shark,31
15028384,Personal_relationships_of_Frank_Sinatra,4
10918072,Armenia,9
2724232,Divya_Bharti,17
6088,Common_Era,6
1343296,Ben-Hur:_A_Tale_of_the_Christ,6
372088,Lampedusa,22
2452600,Adewale_Akinnuoye-Agbaje,31
551608,Henrik_Sedin,7
36958408,Bobby_Schuller,16
27990160,Jacob_Anderson,10
5950096,José_Juan_Barea,3
14143360,Jerryd_Bayless,13
2755048,Royal_Wedding,4
375280,Patriots\'_Day,11
437008,Catherine_Bach,17
7687024,George_O\'Malley,25
548896,National_Invitation_Tournament,14
19467352,Richter_magnitude_scale,22
24438232,2012_NCAA_Men\'s_Division_I_Basketball_Tournament,14
39199024,2014_NBA_Playoffs,3
1439896,1._FSV_Mainz_05,9
171952,Gabriela_Mistral,17
3424552,List_of_incidents_of_civil_unrest_in_the_United_States,30
38922448,Inside_Amy_Schumer,15
12106552,NBA_playoffs,7
201184,Charles_Barkley,14
42521680,2014_Mount_Everest_avalanche,22
1501432,David_Miscavige,5
768856,College_basketball,14
4228120,2008_NCAA_Men\'s_Division_I_Basketball_Tournament,14
380296,Ramesses_I,6
1422400,Linda_Kozlowski,10
578152,Big_Show,12
8910640,Stephanie_Rawlings-Blake,30
538696,MTV_Movie_Awards,15
82385,Sex_reassignment_surgery,22
5354657,Garden_of_Shadows,24
11914121,Rand_Paul,32
50585,Philadelphia,2
14673089,Hormone_replacement_therapy_(male-to-female),22
231137,Earthquake_prediction,22
15280265,DeMarre_Carroll,3
550265,Mike_Bossy,7
372857,Clyde_Drexler,14
32451017,Independent_city_(United_States),30
218585,Jane_Powell,4
42809561,The_Comedians_(2015_TV_series),10
64673,Bruce_Willis,29
11042849,Gray_Maynard,14
531977,King_of_the_Ring,12
339953,Coolie,1
4764977,Pekka_Rinne,7
313865,SS_Sultana,34
16121,Joshua,6
158177,Condoleezza_Rice,32
640889,Rachel_Hunter,7
344393,Jan_Koller,2
330737,Rebecca_Lobo,21
21876113,Melissa_Rycroft,29
457841,Mark_Burnett,6
2255225,The_Princes_of_Malibu,18
3384137,Baltimore_Police_Department,30
231089,Vincent_D\'Onofrio,15
9802817,Brook_Lopez,3
2054561,Dancing_with_the_Stars_(U.S._TV_series),29
23257001,Miguel_Layún,0
12929,Gallipoli,34
9056969,Charley_Hoffman,27
10049,Eric_Clapton,2
479273,Dwight_Howard,3
53273,Duke_University,14
21809,National_Hockey_League,7
36289025,Jahlil_Okafor,14
43913,Anthony_Quinn,6
682505,Adam_Yahiye_Gadahn,8
1221065,Fred_Couples,27
186041,Ellen_Burstyn,4
683945,Louis_van_Gaal,0
4991705,Par_(score),27
768497,Larisa_Oleynik,24
3538049,Scott_Rush,28
1008305,Joe_Johnson_(basketball),3
451121,A.F.C._Bournemouth,0
10107281,Seth_Davis,14
1285865,Drew_Gooden,3
42541025,List_of_Silicon_Valley_episodes,10
14924129,Mondawmin_Mall,30
740993,Seve_Ballesteros,27
147041,Manu_Ginóbili,3
19577,Moses,6
998777,Shroud_of_Turin,6
66881,New_York_Rangers,7
1853177,World_Book_Day,11
607337,Mitch_Hedberg,20
5763449,Manuel_Pellegrini,0
7245785,Marouane_Fellaini,0
40673057,Sam_Bennett_(ice_hockey),7
1732913,Khumbu_Icefall,22
925985,WWE_Tough_Enough,12
20664185,J._R._Martinez,29
34025801,Gun_laws_in_Maryland,30
31361,Tristan_da_Cunha,16
17633,Libya,16
186089,Patti_LaBelle,29
2447393,Louis_Williams,3
19630649,Van_Tuong_Nguyen,28
9678449,Death_of_Kurt_Cobain,17
3188513,Ryan_Miller,7
3747761,Bennett_Miller,23
23529641,Domhnall_Gleeson,19
23009201,Aron_Baynes,3
43097,Gender_identity_disorder,22
2312705,Kris_Humphries,18
4901753,Dave_Cameron_(ice_hockey),7
21100601,Jeff_Teague_(basketball),3
5489,Chile,20
237521,Seti_I,6
18934121,Tyreke_Evans,13
304169,Shane_McMahon,12
1594937,Brian_Nichols,30
17360849,Timothy_Bradley,28
551129,Muhammadu_Buhari,16
418625,Martin_Lawrence,10
17329265,Kris_Jenner,18
38018945,Otto_Porter,3
4721,British_Empire,2
3201113,Eric_Dane,25
38860793,Lykan_HyperSport,24
4474673,Corey_Crawford,7
2105945,Martin_Stephens,28
4649,Billy_Crystal,10
689,Asia,9
56153,Ophthalmology,32
11758889,Cesar_Chavez_Day,2
81425,Brian_Wilson,4
3711449,Amanda_Crew,31
22144721,Iron_Man_2,31
1194329,V._C._Andrews,24
4447217,Joakim_Noah,13
2196833,Tony_Allen_(basketball),3
2854265,Zeebrugge_Raid,11
39476129,2015–16_UEFA_Champions_League,9
271409,Northern_Cyprus,22
1135721,Fall_of_Saigon,26
19961,Manchester_United_F.C.,0
44632625,RuPaul\'s_Drag_Race_(season_7),30
31163849,Kawhi_Leonard,3
1520225,Raymond_Floyd,27
35195177,2013–14_UEFA_Champions_League,9
37985010,Karl-Anthony_Towns,14
38710170,Game_of_Thrones_(season_4),10
154554,John_Williams,19
27242394,Deepwater_Horizon_explosion,11
984642,Harriet_Quimby,26
182298,List_of_winners_of_the_Boston_Marathon,11
29133042,Artem_Chigvintsev,29
2166474,Monta_Ellis,3
164370,Roy_Scheider,33
5865138,2011_NCAA_Men\'s_Division_I_Basketball_Tournament,14
22653018,Bonus_(basketball),14
33751890,C._J._McCollum,3
1179978,Steve_Smith_(basketball),14
27905658,Kyrie_Irving,3
3354,Berlin,9
644418,Mike_Babcock,7
48570,Egbert_of_Wessex,33
2447514,Zaza_Pachulia,13
9502602,Vienna_Offensive,20
34927746,Big_E_Langston,12
39134874,Sharna_Burgess,29
2108274,Lena_Headey,10
33186,Waffen-SS,20
18858,Maryland,30
3225498,Libertarianism,32
16593522,BOAC_Flight_712,17
540906,Dave_Coulier,23
343554,Jessica_Alba,30
18739938,Taylor_Hall,7
954,Albert_Speer,26
4765530,HBO,10
1133034,Diego_Simeone,9
161466,Rock_Hudson,10
2068890,The_Sandlot,1
1491834,Kieran_Richardson,0
1812954,Linda_Thompson_(actress),18
99858,Michael_McKean,24
26997138,Baltimore,30
19724058,Chewbacca,19
346578,Alfred_P._Murrah_Federal_Building,11
1481874,Battle_of_the_Lys_(1918),20
32610,Vikings,33
156858,Asexuality,22
20865738,Derrick_Rose,13
34218,X-Men,15
66402,Brown_v._Board_of_Education,30
1329090,Mustafa_Kemal_Atatürk,34
12673434,Thor_(film),25
1112610,Meb_Keflezighi,11
323322,Lod,11
1514634,Mark_O\'Meara,27
14660154,DeAndre_Jordan,3
1506930,Superman/Batman,31
29010,Saint_George,11
430434,Nicole_Brown_Simpson,18
38019042,Michael_Carter-Williams,13
49266,Buchenwald_concentration_camp,20
43722,Decathlon,18
17154,Kit_Carson,16
2288010,Bill_Raftery,14
39134682,Andrew_Harrison_(basketball),14
9954,Eurovision_Song_Contest,9
64962,Fred_Astaire,4
8665362,Travis_Fimmel,33
11370,FIFA_World_Cup,0
1147410,Ronan_Farrow,4
3181074,Dustin_Fletcher,34
40522842,Jack_Grealish,0
983010,Jordana_Brewster,24
639018,Legends_Football_League,7
202122,Maureen_O\'Sullivan,4
463434,Judith_Anderson,6
416514,Karen_Page,15
45274650,One_Big_Happy_(TV_series),24
42692226,2015_Stanley_Cup_playoffs,7
384402,Easter_Monday,6
4978122,Maharashtra_Day,26
72858,Washington_Wizards,3
3624954,Tim_Sherwood,0
19283178,Benito_Mussolini,30
11816490,Orthodox_stance,28
2154,African_American,20
19490874,Al-Farouq_Aminu,3
338778,List_of_riots,30
1449426,List_of_golfers_with_most_PGA_Tour_wins,27
4808226,Keke_Palmer,6
1938,Andrew_Carnegie,30
18859,Michigan,14
2913859,The_Fast_and_the_Furious:_Tokyo_Drift,24
18595,Lex_Luthor,31
91171,Hitler_Diaries,11
10973779,Brad_Stevens,3
178843,Brotherhood_of_Man,9
21139,North_America,15
18717883,Jodie_Foster,18
22754875,Tea_Party_movement,32
1597099,List_of_A_Song_of_Ice_and_Fire_characters,10
34570531,Game_of_Thrones_(season_2),10
16795291,List_of_NBA_champions,3
45979,Victoria_Beckham,26
2597083,Robert_A._Schuller,16
12225091,Derek_Hough,29
150091,George_Foreman,28
33947707,Ross_Lynch,29
23615827,Calgary_Flames,7
5228419,Negasonic_Teenage_Warhead_(comics),15
1159411,Last_Post,34
68131,Martin_Sheen,24
7999675,Juan_Mata,0
31396771,Halt_and_Catch_Fire_(TV_series),24
151603,Dean_Martin,4
9200779,Pac_(wrestler),12
761899,Sayings_of_Jesus_on_the_cross,6
606571,Infinity_Gems,31
23059,Passover,6
31119283,Tyler_Johnson_(ice_hockey),7
20587,March_31,2
200563,Paul_Bettany,25
85099,Watford_F.C.,0
34297243,Siege_of_Paris_(845),33
2815243,Star_Wars_sequel_trilogy,19
37621963,2014_NCAA_Men\'s_Division_I_Basketball_Tournament,14
192595,Methicillin-resistant_Staphylococcus_aureus,14
5792539,Kyle_Lowry,3
73243,The_Dark_Knight_Returns,31
39402547,2014–15_UEFA_Champions_League_knockout_phase,9
525475,Craig_Kilborn,24
8036875,Jack_Capuano,7
12321451,Bill_D\'Elia,24
70435,Battle_of_Vimy_Ridge,20
43126315,Petals_on_the_Wind_(film),24
20923,Matzo,6
204835,Yolanda_Saldívar,2
4339,Boston_Red_Sox,1
11059,Five_Pillars_of_Islam,6
956947,Paul_Pierce,3
294451,Zipporah,6
3304339,LaMarcus_Aldridge,3
8887003,Eric_Gordon,13
26807275,Jesse_James,16
918091,Easter_Parade_(film),4
314563,Dennis_Quaid,8
1723339,Chris_Kaman,3
33819259,2014_NBA_draft,14
327427,The_Greatest_Story_Ever_Told,6
30667,Last_Supper,6
15413275,List_of_winners_of_the_London_Marathon,11
4283275,List_of_NCAA_Men\'s_Final_Four_broadcasters,14
2953963,Sheamus,12
230467,Ernie_Els,27
5753059,Thabo_Sefolosha,3
38596219,2013–14_Premier_League,0
249403,Robert_H._Schuller,16
2395,April_11,20
26481955,Odisha_Day,16
168715,Ron_Paul,32
19147,Marshall_Islands,30
7891,David_Lynch,24
3451,The_Bahamas,16
142123,Plessy_v._Ferguson,30
2456275,Brandon_Bass,3
516595,Nassau_Veterans_Memorial_Coliseum,7
1386451,Manoel_de_Oliveira,16
2928283,Don_Hollenbeck,10
2239963,Kartini,11
1961587,Ángel_Cabrera,27
42469267,100th_anniversary_of_the_Armenian_Genocide,20
311899,Harley_Quinn,31
13982539,T._J._Miller,10
39756163,Naked_and_Afraid,16
3699307,Mark_Getty,5
9527107,Hassanal_Bolkiah,16
7600820,Michael_Urie,30
5676692,Iron_Man_(2008_film),31
47372,Charles_the_Bald,33
6079364,Rachael_Carpani,24
1467716,Sex_(play),11
249524,Harrowing_of_Hell,6
3219932,Ryan_Getzlaf,7
73124,Tampa_Bay_Lightning,7
863252,Captain_Boomerang,31
6976868,Everest_Base_Camp,22
1447676,Dancing_with_the_Stars,29
41865524,A.K.A._Jessica_Jones,15
1367012,Tenebrae,6
27308,Sierra_Leone,16
33768164,Google_X,22
222788,Ishmael,6
405860,Gary_Player,27
4258460,I_Never_Liked_You,32
17198804,Khloé_Kardashian,18
19526036,Joan_Holloway,24
7651220,Jesus_Christ_Superstar_(film),6
7145492,Blaise_Matuidi,9
985820,Sigurd_Snake-in-the-Eye,33
50420,Billie_Holiday,17
2133836,Jarrett_Jack,3
3939524,Mars_Blackmon,14
796676,A_Feast_for_Crows,10
2438660,Lufthansa_heist,8
21256892,Aníbal_Milhais,20
44693492,2015_MTV_Movie_Awards,15
38131244,2015_AFC_Champions_League,9
311852,Punisher,15
1967972,MGM_Grand_Garden_Arena,28
31665644,Saint_Peter,6
3133772,Leonora_Carrington,17
13436,Heinrich_Himmler,26
649484,Rosario_Dawson,15
999980,Greta_Van_Susteren,5
3092,Akira_Toriyama,30
28509884,Austin_Rivers,3
1642868,Doc_Rivers,3
7290308,Big_Ben,20
65780,Vladimir_Komarov,9
10098068,NCAA_Men\'s_Division_I_Basketball_Championship_records,14
129644,The_Godfather_Part_III,4
29200196,Masai_Ujiri,3
1664132,Gregg_Popovich,3
1145228,Arminia_Bielefeld,9
2564,April_10,20
17325260,Rob_Kardashian,18
45103676,List_of_Madam_Secretary_episodes,32
42433292,Daredevil_(TV_series),15
20939996,1934_Nepal–Bihar_earthquake,22
2337812,List_of_WWE_personnel,12
22836788,Thiago_Alcântara,9
598868,Mad_Max_Beyond_Thunderdome,34
214796,Lizzie_Borden,24
453236,Fast_Times_at_Ridgemont_High,25
665612,Gary_Dourdan,24
9955340,Diego_Godín,9
4878740,Frank_Pentangeli,4
1533308,Bucky,25
20715044,Game_of_Thrones,10
55964,Lennox_Lewis,28
66956,Ho_Chi_Minh_City,26
17972,Louis_the_Pious,33
314468,Lorna_Luft,4
59084,Arena_Football_League,14
181076,Berserker,25
12899300,Jason_Dufner,27
37988,National_Guard_of_the_United_States,30
3409580,Marc_Gasol,3
22196,Orson_Welles,6
31748,Ultra,16
31234796,TBS_(TV_channel),14
1808852,Ben_Jones_(Georgia_congressman),17
23352332,Deborah_Ann_Woll,24
89708,Blackface,1
243500,Sevilla_FC,9
3949844,Rory_McIlroy,27
753740,Dick_Vitale,14
34166877,Seth_Jones_(ice_hockey),7
20491389,Joker_(graphic_novel),31
2733,April_25,34
18654333,Thomas_Müller,9
42765,Chaz_Bono,18
55029,Larry_Bird,14
85629,Full_House,23
75261,Animal_House,30
72885,Houston_Rockets,3
11903589,Indiana_Jones_(franchise),26
2230773,Jason_Lewis_(actor),15
29273565,The_Wolverine_(film),15
505605,John_Wooden,14
16125,John_the_Baptist,6
41368389,Killing_Jesus,6
35061,60_Minutes,29
45237477,Going_Clear_(film),5
39005349,International_Transgender_Day_of_Visibility,2
10095213,Veep_(TV_series),10
213765,Führer,34
31780557,Fast__Furious_6,24
216429,List_of_Justices_of_the_Supreme_Court_of_the_United_States,30
34869,1752,2
3165,ACF_Fiorentina,9
4173,Babe_Ruth,1
1794213,Jay_Williams_(basketball),14
41255877,Christopher_Evan_Welch,10
31509,Hulk_(comics),31
242925,Skywalker_family,19
306981,Lee_Trevino,27
61797,Yul_Brynner,6
11973,Generation_X,30
2692197,Passover_Seder_Plate,6
9511125,Pablo_Prigioni,3
1657077,Schapelle_Corby,28
73125,Washington_Capitals,7
31575693,Kumail_Nanjiani,10
39000861,Aaron_Harrison,14
156093,Pau_Gasol,13
1666773,Martin_Keown,0
7989,Dianetics,5
157437,Iggy_Pop,11
11402229,Aaron_Taylor-Johnson,25
10360005,Chaste_(Marvel_Comics),15
9473493,Javaris_Crittenton,3
70197,Demographics_of_the_United_States,30
406245,Antonov_An-225_Mriya,9
165813,Manchester_City_F.C.,0
72861,Atlanta_Hawks,3
3129381,Lupe_Ontiveros,2
7960557,Angelo_DeCarlo,8
647085,Kelly_Brook,24
27181509,2013_NHL_Entry_Draft,7
2711397,Stick_(comics),15
903165,Richard_Jefferson,3
180093,Bonanza,23
1821645,Dean_Court,0
4987149,Chris_Paul,3
14255493,Barbara_Jane_Harrison,17
42906573,2014–15_DFB-Pokal,9
17006349,Olivier_Sarkozy,23
12001341,Armenian_Genocide_recognition,20
31284357,Draymond_Green,13
759285,Nick_Faldo,27
32901,Woody_Allen,4
23371965,Lapland_War,34
43102389,Gertrude_Weaver,16
481605,Batman_Begins,15
28413,Septimius_Severus,20
1880325,James_Wan,24
4629573,Corey_Brewer,3
18153813,Courtney_Lee,3
235869,The_Daily_Show,24
21713373,Seth_Curry,13
173445,Cedric_Hardwicke,6
181173,Airbus_A380,34
42308805,2016_NCAA_Men\'s_Division_I_Basketball_Tournament,14
11181,Frank_Sinatra,4
33869061,Summer_Rae,12
42011133,2014_Boston_Marathon,11
33382893,Scott_Darling_(ice_hockey),7
152157,George_Miller_(director),34
22458837,1975–76_Indiana_Hoosiers_men\'s_basketball_team,14
520846,Abe_Vigoda,4
35350414,Al_Iaquinta,14
16846,Kentucky,14
42646918,Vikings_(season_3),33
423598,Golden_Week_(Japan),26
612910,Vanness_Wu,26
41463358,Frank_Kaminsky,14
69406,Mutiny_on_the_Bounty,30
858982,NHL_Entry_Draft,7
23672974,2011–12_UEFA_Champions_League,9
27358,Somalia,16
7129606,Kym_Johnson,29
4827238,Deportation_of_Armenian_intellectuals_on_24_April_1915,20
10886686,Anzac_Day_clash,34
2734,April_24,9
24663262,Corey_Stoll,15
631870,NBA_Most_Valuable_Player_Award,3
31247686,Machine_Gun_Kelly_(rapper),11
597694,Pohela_Boishakh,20
45032302,Nuestra_Belleza_Latina_2015,24
3601582,Biblical_Mount_Sinai,6
3461614,Ronald_DeWolf,5
445726,Eric_Lindros,7
72862,New_Orleans_Pelicans,13
81694,Arnold_Palmer,27
2500414,Natasha_Leggero,24
171166,Nepal,22
5576110,Night_Nurse_(comics),15
6254878,Superbad_(film),15
32386942,2014_UEFA_Champions_League_Final,9
5877670,2008_NBA_draft,13
4381318,2001_NCAA_Men\'s_Division_I_Basketball_Tournament,14
44490262,Chinese_home_run,1
28357630,Anthony_Davis_(basketball),13
5631982,Portrait_of_Adele_Bloch-Bauer_I,19
50206,Fulgencio_Batista,4
31661086,Bradley_Beal,3
37966,Himalayas,22
38919454,Jon_Cooper_(ice_hockey),7
7921342,Nathalie_Emmanuel,24
414574,Elijah_Cummings,30
3571894,Siege_of_Paris_(885–86),33
28138750,2011_Masters_Tournament,27
331822,Mahavir_Jayanti,6
358,Algeria,16
627982,Sex_reassignment_surgery_(male-to-female),22
10567534,Blake_Griffin,3
73126,Chicago_Blackhawks,7
1069078,So_Little_Time,23
1690486,Ellen_Pompeo,25
2855038,Joey_Barton,0
430438,Ronald_Goldman,18
2355790,Hanley_Ramírez,1
41039518,Daughter_of_Emperor_Xiaoming_of_Northern_Wei,16
72886,Memphis_Grizzlies,3
30118,Tanzania,16
13526878,Brian_Boyle,7
39476758,2015_NHL_Entry_Draft,7
71470,Two-up,34
25955086,Jews,6
273646,Empress_Michiko,16
1821694,List_of_highest_mountains,22
2326,April_27,34
98350,Soyuz_1,9
10570702,Bataan_Day,20
3026950,Mark_Jackson_(basketball),13
72622,1976_Summer_Olympics,18
1855342,Historical_rankings_of_Presidents_of_the_United_States,20
38281942,Mad_Men_(season_6),24
644398,Psylocke,15
5902,Capital_punishment,28
38298022,Lindsay_Sandiford_case,28
1212502,Sutton_Foster,5
2619910,Batman_v_Superman:_Dawn_of_Justice,31
22144990,Iron_Man_3,31
3419326,Justin_Lin,24
1591607,Traudl_Junge,26
16559,Jean_Grey,15
42026999,The_Last_Ship_(TV_series),14
1778999,Bali_Nine,28
29302415,Pana_Sankranti,20
1465655,Brad_Guzan,0
2279,April_3,16
2323727,Ellen_Page,15
1911479,Gladiator_(Melvin_Potter),15
5113199,Battle_of_Bautzen_(1945),34
26909135,Klay_Thompson,13
265799,Scientology_beliefs_and_practices,5
26948231,Hannibal_Buress,24
14975,Ivy_League,14
5612735,Gabriel_Mann,24
394055,Kitty_Pryde,15
153671,Robert_Winchelsey,16
7251359,Haya_Harareet,6
14920919,Whitechapel_murders,16
24775967,List_of_Dancing_with_the_Stars_(U.S.)_competitors,29
4871,Bob_Knight,14
361103,Honey_badger,9
23866703,Thomas_Tuchel,9
407591,Hulk_(film),31
1175,April_1,16
16415,Juventus_F.C.,9
3541991,Tan_Duc_Thanh_Nguyen,28
2139911,Floyd_Mayweather_Sr.,28
5733263,David_Blatt,3
31535,Timothy_McVeigh,11
59687,Hillsborough_disaster,20
174527,J._Paul_Getty,5
43223,Alex_Ferguson,0
2424743,Sergio_Ramos,9
1038359,Joseph_Simmons,24
13487,Hermann_Göring,26
38855447,Black_Mass_(film),8
232175,UEFA_Europa_League,9
43140311,Asian_Infrastructure_Investment_Bank,28
3064199,Luka_Modrić,9
1740431,Tamil_calendar,20
13308839,Jonas_Hiller,7
277463,Joe_Pesci,8
73631,M._Night_Shyamalan,26
1318967,Gordon_Getty,5
193703,Alaska_Purchase,2
35678135,BeIN_Sports,0
993791,Downfall_(2004_film),26
68375,Tony_Curtis,4
19611431,Matt_Ritchie,0
4114079,Daredevil,15
16844183,Bridgit_Mendler,24
1129847,Daredevil_(film),15
1558271,Operation_Frequent_Wind,26
2071367,Mark_Teixeira,1
21476519,Ramesses_II,6
525407,Landing_at_Anzac_Cove,34
21383,Nigeria,16
624911,Amalie_Arena,21
302783,Alexander_Siddig,10
2212439,List_of_Eurovision_Song_Contest_winners,9
29822159,Michael_Ferland,7
241655,Curt_Schilling,1
393887,Havok_(comics),15
31133615,Coverage_of_Google_Street_View,22
35080415,WrestleMania_32,12
29410367,Joko_Widodo,28
44430479,Dragon_Ball_Z:_Resurrection_\'F\',30
2735,April_7,17
559847,Con_Air,24
42654791,Grey\'s_Anatomy_(season_11),25
19672919,Ewan_McGregor,26
833615,Bullseye_(comics),15
2731583,Adolf_Hitler,11
84239,Peeps,6
30519527,St._Louis_Blues,7
33021095,Sheriff_Rosco_P._Coltrane,17
2947751,List_of_European_Cup_and_UEFA_Champions_League_finals,9
3455,Barbados,16
